,text,token
0,"There are quite a few errors in your code.

As a ""pre-first"", always check returned errors!

First, os.Open() opens the file in read-only mode. To be able to replace the file content on the disk,  you must open it in read-write mode instead:

","['There', 'are', 'quite', 'a', 'few', 'errors', 'in', 'your', 'code.', 'As', 'a', '""pre-first"",', 'always', 'check', 'returned', 'errors!', 'First,', 'os.Open()', 'opens', 'the', 'file', 'in', 'read-only', 'mode.', 'To', 'be', 'able', 'to', 'replace', 'the', 'file', 'content', 'on', 'the', 'disk,', 'you', 'must', 'open', 'it', 'in', 'read-write', 'mode', 'instead:']"
1,"file, err := os.OpenFile(fileName, os.O_RDWR, 0)","['file', ',', 'err', ':=', 'os.OpenFile(fileName, os.O_RDWR, 0)']"
2,"

Next, when you open something that is an io.Closer (*os.File is an io.Closer), make sure you close it with the Close() method, best done as a deferred statement.

Next, *os.File is an io.Reader, but that is not the same thing as a byte slice []byte. An io.Reader may be used to read bytes into a byte slice. Use io.Copy() to copy the content from the file to the gzip stream (which will end up in the buffer).

In certain situation (where you don't close the gzip.Writer), you must call gzip.Writer.Flush() to ensure everything is flushed into its writer (which is the buffer in this case). Note that gzip.Writer.Close() also flushes, so this may seem like an unnecessary step, but must be done for example if the Close() of the gzip.Writer is also called as a deferred statemement, because then it may not be executed before we use the content of the buffer. Since in our examle we close the gzip writer after io.Copy(), that will take care of necessary flushes.

Next, to replace the content of the original file, you must seek back to the beginning of the file to replace. For that, you may use File.Seek().

Next, you may again use io.Copy() to copy the contents of the buffer (the gzipped data) to the file.

And last, since the gzipped content will most likely be shorter than the original file size, you must truncate the file at the size of the gzipped content (else uncompressed content of the original file may be left there).

Here's the complete code:

","['Next,', 'when', 'you', 'open', 'something', 'that', 'is', 'an', 'io.Closer', '(*os.File', 'is', 'an', 'io.Closer),', 'make', 'sure', 'you', 'close', 'it', 'with', 'the', 'Close()', 'method,', 'best', 'done', 'as', 'a', 'deferred', 'statement.', 'Next,', '*os.File', 'is', 'an', 'io.Reader,', 'but', 'that', 'is', 'not', 'the', 'same', 'thing', 'as', 'a', 'byte', 'slice', '[]byte.', 'An', 'io.Reader', 'may', 'be', 'used', 'to', 'read', 'bytes', 'into', 'a', 'byte', 'slice.', 'Use', 'io.Copy()', 'to', 'copy', 'the', 'content', 'from', 'the', 'file', 'to', 'the', 'gzip', 'stream', '(which', 'will', 'end', 'up', 'in', 'the', 'buffer).', 'In', 'certain', 'situation', '(where', 'you', ""don't"", 'close', 'the', 'gzip.Writer),', 'you', 'must', 'call', 'gzip.Writer.Flush()', 'to', 'ensure', 'everything', 'is', 'flushed', 'into', 'its', 'writer', '(which', 'is', 'the', 'buffer', 'in', 'this', 'case).', 'Note', 'that', 'gzip.Writer.Close()', 'also', 'flushes,', 'so', 'this', 'may', 'seem', 'like', 'an', 'unnecessary', 'step,', 'but', 'must', 'be', 'done', 'for', 'example', 'if', 'the', 'Close()', 'of', 'the', 'gzip.Writer', 'is', 'also', 'called', 'as', 'a', 'deferred', 'statemement,', 'because', 'then', 'it', 'may', 'not', 'be', 'executed', 'before', 'we', 'use', 'the', 'content', 'of', 'the', 'buffer.', 'Since', 'in', 'our', 'examle', 'we', 'close', 'the', 'gzip', 'writer', 'after', 'io.Copy(),', 'that', 'will', 'take', 'care', 'of', 'necessary', 'flushes.', 'Next,', 'to', 'replace', 'the', 'content', 'of', 'the', 'original', 'file,', 'you', 'must', 'seek', 'back', 'to', 'the', 'beginning', 'of', 'the', 'file', 'to', 'replace.', 'For', 'that,', 'you', 'may', 'use', 'File.Seek().', 'Next,', 'you', 'may', 'again', 'use', 'io.Copy()', 'to', 'copy', 'the', 'contents', 'of', 'the', 'buffer', '(the', 'gzipped', 'data)', 'to', 'the', 'file.', 'And', 'last,', 'since', 'the', 'gzipped', 'content', 'will', 'most', 'likely', 'be', 'shorter', 'than', 'the', 'original', 'file', 'size,', 'you', 'must', 'truncate', 'the', 'file', 'at', 'the', 'size', 'of', 'the', 'gzipped', 'content', '(else', 'uncompressed', 'content', 'of', 'the', 'original', 'file', 'may', 'be', 'left', 'there).', ""Here's"", 'the', 'complete', 'code:']"
3,"file, err := os.OpenFile(fileName, os.O_RDWR, 0)","['file', ',', 'err', ':=', 'os.OpenFile(fileName, os.O_RDWR, 0)']"
4,if err != nil {,"['if', 'err', '!=', 'nil', '{']"
5,"    log.Fatalf(""Error opening %q: %v"", fileName, err)","['log.Fatalf(""Error opening %q: %v"", fileName, err)']"
6,},['}']
7,defer file.Close(),"['defer', 'file.Close()']"
8,// Check if gzip should be applied,"['//', 'Check', 'if', 'gzip', 'should', 'be', 'applied']"
9,if *metaGzip {,"['if', '*', 'metaGzip', '{']"
10,    var b = &bytes.Buffer{},"['var', 'b', '=', '&', 'bytes', '.', 'Buffer', '{}']"
11,    w := gzip.NewWriter(b),"['w', ':=', 'gzip.NewWriter(b)']"
12,"    if _, err := io.Copy(w, file); err != nil {","['if', '_', ',', 'err', ':=', 'io.Copy(w, file)', ';', 'err', '!=', 'nil', '{']"
13,        panic(err),"['panic', '(', 'err', ')']"
14,    },['}']
15,    if err := w.Close(); err != nil { // This also flushes,"['if', 'err', ':=', 'w.Close()', ';', 'err', '!=', 'nil', '{', '// This also flushes']"
16,        panic(err),"['panic', '(', 'err', ')']"
17,    },['}']
18,"    if _, err := file.Seek(0, 0); err != nil {","['if', '_', ',', 'err', ':=', 'file.Seek(0, 0)', ';', 'err', '!=', 'nil', '{']"
19,        panic(err),"['panic', '(', 'err', ')']"
20,    },['}']
21,"    if _, err := io.Copy(file, b); err != nil {","['if', '_', ',', 'err', ':=', 'io.Copy(file, b)', ';', 'err', '!=', 'nil', '{']"
22,        panic(err),"['panic', '(', 'err', ')']"
23,    },['}']
24,    if err := file.Truncate(int64(b.Len())); err != nil {,"['if', 'err', ':=', 'file.Truncate(int64(b.Len()))', ';', 'err', '!=', 'nil', '{']"
25,        panic(err),"['panic', '(', 'err', ')']"
26,    },['}']
27,},['}']
28,"

Note: The above code will replace the file content on your disk. If you don't want this and you just need the compressed data, you may do it like this. Note that I used a new input variable of type io.Reader, as a value of bytes.Buffer (or *bytes.Buffer) cannot be assigned to a variable of type *os.File, and we will most likely only need the result as a value of io.Reader (and this is implemented by both):

","['Note:', 'The', 'above', 'code', 'will', 'replace', 'the', 'file', 'content', 'on', 'your', 'disk.', 'If', 'you', ""don't"", 'want', 'this', 'and', 'you', 'just', 'need', 'the', 'compressed', 'data,', 'you', 'may', 'do', 'it', 'like', 'this.', 'Note', 'that', 'I', 'used', 'a', 'new', 'input', 'variable', 'of', 'type', 'io.Reader,', 'as', 'a', 'value', 'of', 'bytes.Buffer', '(or', '*bytes.Buffer)', 'cannot', 'be', 'assigned', 'to', 'a', 'variable', 'of', 'type', '*os.File,', 'and', 'we', 'will', 'most', 'likely', 'only', 'need', 'the', 'result', 'as', 'a', 'value', 'of', 'io.Reader', '(and', 'this', 'is', 'implemented', 'by', 'both):']"
29,var input io.Reader,"['var', 'input', 'io', '.', 'Reader']"
30,"file, err := os.Open(fileName)","['file', ',', 'err', ':=', 'os.Open(fileName)']"
31,if err != nil {,"['if', 'err', '!=', 'nil', '{']"
32,"    log.Fatalf(""Error opening %q: %v"", fileName, err)","['log.Fatalf(""Error opening %q: %v"", fileName, err)']"
33,},['}']
34,defer file.Close(),"['defer', 'file.Close()']"
35,// Check if gzip should be applied,"['//', 'Check', 'if', 'gzip', 'should', 'be', 'applied']"
36,if *metaGzip {,"['if', '*', 'metaGzip', '{']"
37,    var b = &bytes.Buffer{},"['var', 'b', '=', '&', 'bytes', '.', 'Buffer', '{}']"
38,    w := gzip.NewWriter(b),"['w', ':=', 'gzip.NewWriter(b)']"
39,"    if _, err := io.Copy(w, file); err != nil {","['if', '_', ',', 'err', ':=', 'io.Copy(w, file)', ';', 'err', '!=', 'nil', '{']"
40,        panic(err),"['panic', '(', 'err', ')']"
41,    },['}']
42,    if err := w.Close(); err != nil { // This also flushes,"['if', 'err', ':=', 'w.Close()', ';', 'err', '!=', 'nil', '{', '// This also flushes']"
43,        panic(err),"['panic', '(', 'err', ')']"
44,    },['}']
45,    input = b,"['input', '=', 'b']"
46,} else {,"['}', 'else', '{']"
47,    input = file,"['input', '=', 'file']"
48,},['}']
49,// Use input here,"['//', 'Use', 'input', 'here']"
50,"

Note #2: If you don't want to ""work"" with the compressed data but you just want to send it e.g. as the web response, you don't even need the bytes.Buffer, you can just ""stream"" the compressed data to the http.ResponseWriter.

It could look like this:

","['Note', '#2:', 'If', 'you', ""don't"", 'want', 'to', '""work""', 'with', 'the', 'compressed', 'data', 'but', 'you', 'just', 'want', 'to', 'send', 'it', 'e.g.', 'as', 'the', 'web', 'response,', 'you', ""don't"", 'even', 'need', 'the', 'bytes.Buffer,', 'you', 'can', 'just', '""stream""', 'the', 'compressed', 'data', 'to', 'the', 'http.ResponseWriter.', 'It', 'could', 'look', 'like', 'this:']"
51,"func myHandler(w http.ResponseWriter, r *http.Request) {","['func', 'myHandler', '(', 'w', 'http', '.', 'ResponseWriter', ',', 'r', '*', 'http', '.', 'Request', ')', '{']"
52,"    file, err := os.Open(fileName)","['file', ',', 'err', ':=', 'os.Open(fileName)']"
53,    if err != nil {,"['if', 'err', '!=', 'nil', '{']"
54,"        http.NotFound(w, r)","['http.NotFound(w, r)']"
55,    },['}']
56,    defer file.Close(),"['defer', 'file.Close()']"
57,    gz := gzip.NewWriter(w),"['gz', ':=', 'gzip.NewWriter(w)']"
58,    defer gz.Close(),"['defer', 'gz.Close()']"
59,"    if _, err := io.Copy(gz, file); err != nil {","['if', '_', ',', 'err', ':=', 'io.Copy(gz, file)', ';', 'err', '!=', 'nil', '{']"
60,        // handle error,"['//', 'handle', 'error']"
61,    },['}']
62,},['}']
63,"

Proper content type will be detected and set automatically.
","['Proper', 'content', 'type', 'will', 'be', 'detected', 'and', 'set', 'automatically.']"
